{"cameraMode":{"drawMode":0,"name":"Shaded","section":"Shading Mode"},"sceneLighting":true,"audioPlay":false,"sceneViewState":{"showFog":true,"showMaterialUpdate":false,"showSkybox":true,"showFlares":true,"showImageEffects":true,"showParticleSystems":true},"in2DMode":false,"pivot":{"x":-0.2414252758026123,"y":0.3549588918685913,"z":0.023341655731201173},"rotation":{"x":-0.07564856857061386,"y":0.8992816209793091,"z":-0.17230607569217683,"w":-0.39481720328330996},"size":2.3993797302246095,"orthographic":false}